180370,293,Lafayette St & E 8 St,40.73028666,-73.9907647
175797,497,E 17 St & Broadway,40.73704984,-73.99009296
172467,519,Pershing Square North,40.751873,-73.977706
164653,521,8 Ave & W 31 St,40.75096735,-73.99444208
162925,435,W 21 St & 6 Ave,40.74173969,-73.99415556
144067,426,West St & Chambers St,40.71754834,-74.01322069
138965,285,Broadway & E 14 St,40.73454567,-73.99074142
130139,151,Cleveland Pl & Spring St,40.7218158,-73.99720307
128895,284,Greenwich Ave & 8 Ave,40.73901691,-74.00263761
128344,402,Broadway & E 22 St,40.7403432,-73.98955109
125614,382,University Pl & E 14 St,40.73492695,-73.99200509
124106,477,W 41 St & 8 Ave,40.75640548,-73.9900262
122073,368,Carmine St & 6 Ave,40.73038599,-74.00214988
119879,358,Christopher St & Greenwich St,40.73291553,-74.00711384
118695,499,Broadway & W 60 St,40.76915505,-73.98191841
118530,444,Broadway & W 24 St,40.7423543,-73.98915076
117755,327,Vesey Pl & River Terrace,40.7153379,-74.01658354
113721,490,8 Ave & W 33 St,40.751551,-73.993934
110061,492,W 33 St & 7 Ave,40.75019995,-73.99093085
108682,379,W 31 St & 7 Ave,40.749156,-73.9916
108542,459,W 20 St & 11 Ave,40.746745,-74.007756
108363,168,W 18 St & 6 Ave,40.73971301,-73.99456405
105956,250,Lafayette St & Jersey St,40.72456089,-73.99565293
101579,127,Barrow St & Hudson St,40.73172428,-74.00674436
101341,537,Lexington Ave & E 24 St,40.74025878,-73.98409214
100220,504,1 Ave & E 15 St,40.73221853,-73.98165557
99770,523,W 38 St & 8 Ave,40.75466591,-73.99138152
98914,462,W 22 St & 10 Ave,40.74691959,-74.00451887
98821,387,Centre St & Chambers St,40.71273266,-74.0046073
97793,446,W 24 St & 7 Ave,40.74487634,-73.99529885
96962,514,12 Ave & W 40 St,40.76087502,-74.00277668
94342,3002,South End Ave & Liberty St,40.711512,-74.015756
93375,509,9 Ave & W 22 St,40.7454973,-74.00197139
92920,116,W 17 St & 8 Ave,40.74177603,-74.00149746
91169,281,Grand Army Plaza & Central Park S,40.7643971,-73.97371465
91064,375,Mercer St & Bleecker St,40.72679454,-73.99695094
90641,2006,Central Park S & 6 Ave,40.76590936,-73.97634151
90512,417,Barclay St & Church St,40.71291224,-74.01020234
90109,147,Greenwich St & Warren St,40.71542197,-74.01121978
90108,318,E 43 St & Vanderbilt Ave,40.75320159,-73.9779874
89917,472,E 32 St & Park Ave,40.7457121,-73.98194829
89893,432,E 7 St & Avenue A,40.72621788,-73.98379855
89051,380,W 4 St & 7 Ave S,40.73401143,-74.00293877
87976,488,W 39 St & 9 Ave,40.75645824,-73.99372222
87469,128,MacDougal St & Prince St,40.72710258,-74.00297088
87408,445,E 10 St & Avenue A,40.72740794,-73.98142006
87347,345,W 13 St & 6 Ave,40.73649403,-73.99704374
86567,347,W Houston St & Hudson St,40.72873888,-74.00748842
86062,528,2 Ave & E 31 St,40.74290902,-73.97706058
85876,442,W 27 St & 7 Ave,40.746647,-73.993915
85711,496,E 16 St & 5 Ave,40.73726186,-73.99238967
85615,518,E 39 St & 2 Ave,40.74780373,-73.9734419
84397,494,W 26 St & 8 Ave,40.74734825,-73.99723551
84209,505,6 Ave & W 33 St,40.74901271,-73.98848395
84140,405,Washington St & Gansevoort St,40.739323,-74.008119
83638,483,E 12 St & 3 Ave,40.73223272,-73.98889957
83336,457,Broadway & W 58 St,40.76695317,-73.98169333
83119,348,W Broadway & Spring St,40.72490985,-74.00154702
83068,237,E 11 St & 2 Ave,40.73047309,-73.98672378
83024,453,W 22 St & 8 Ave,40.74475148,-73.99915362
82555,236,St Marks Pl & 2 Ave,40.7284186,-73.98713956
81926,463,9 Ave & W 16 St,40.74206539,-74.00443172
80986,161,LaGuardia Pl & W 3 St,40.72917025,-73.99810231
80506,461,E 20 St & 2 Ave,40.73587678,-73.98205027
80063,529,W 42 St & 8 Ave,40.7575699,-73.99098507
79518,466,W 25 St & 6 Ave,40.74395411,-73.99144871
78866,251,Mott St & Prince St,40.72317958,-73.99480012
77180,482,W 15 St & 7 Ave,40.73935542,-73.99931783
77128,458,11 Ave & W 27 St,40.751396,-74.005226
76721,334,W 20 St & 7 Ave,40.74238787,-73.99726235
75530,546,E 30 St & Park Ave S,40.74444921,-73.98303529
75354,545,E 23 St & 1 Ave,40.736502,-73.97809472
75235,359,E 47 St & Park Ave,40.75510267,-73.97498696
75149,229,Great Jones St,40.72743423,-73.99379025
75125,479,9 Ave & W 45 St,40.76019252,-73.9912551
74029,498,Broadway & W 32 St,40.74854862,-73.98808416
73571,312,Allen St & E Houston St,40.722055,-73.989111
73546,491,E 24 St & Park Ave S,40.74096374,-73.98602213
73511,401,Allen St & Rivington St,40.72019576,-73.98997825
73431,486,Broadway & W 29 St,40.7462009,-73.98855723
73349,536,1 Ave & E 30 St,40.74144387,-73.97536082
73097,511,E 14 St & Avenue B,40.72938685,-73.97772429
72469,515,W 43 St & 10 Ave,40.76009437,-73.99461843
72297,507,E 25 St & 2 Ave,40.73912601,-73.97973776
71880,474,5 Ave & E 29 St,40.7451677,-73.98683077
71331,297,E 15 St & 3 Ave,40.734232,-73.986923
71315,329,Greenwich St & N Moore St,40.72043411,-74.01020609
70613,476,E 31 St & 3 Ave,40.74394314,-73.97966069
70583,305,E 58 St & 3 Ave,40.76095756,-73.96724467
70242,428,E 3 St & 1 Ave,40.72467721,-73.98783413
69540,433,E 13 St & Avenue A,40.72955361,-73.98057249
69054,439,E 4 St & 2 Ave,40.7262807,-73.98978041
68891,489,10 Ave & W 28 St,40.75066386,-74.00176802
68880,465,Broadway & W 41 St,40.75513557,-73.98658032
68815,503,E 20 St & Park Ave,40.73827428,-73.98751968
68748,410,Suffolk St & Stanton St,40.72066442,-73.98517977
68573,173,Broadway & W 49 St,40.76064679,-73.98442659
67684,510,W 51 St & 6 Ave,40.7606597,-73.98042047
67676,531,Forsyth St & Broome St,40.71893904,-73.99266288
67528,336,Sullivan St & Washington Sq,40.73047747,-73.99906065
66967,352,W 56 St & 6 Ave,40.76340613,-73.97722479
66729,326,E 11 St & 1 Ave,40.72953837,-73.98426726
65685,470,W 20 St & 8 Ave,40.74345335,-74.00004031
65579,294,Washington Square E,40.73049393,-73.9957214
65342,404,9 Ave & W 14 St,40.7405826,-74.00550867
65149,307,Canal St & Rutgers St,40.71427487,-73.98990025
64852,167,E 39 St & 3 Ave,40.7489006,-73.97604882
64676,478,11 Ave & W 41 St,40.76030096,-73.99884222
64273,448,W 37 St & 10 Ave,40.75660359,-73.9979009
64233,434,9 Ave & W 18 St,40.74317449,-74.00366443
64221,484,W 44 St & 5 Ave,40.75500254,-73.98014437
64177,223,W 13 St & 7 Ave,40.73781509,-73.99994661
64007,517,Pershing Square South,40.751581,-73.97791
63944,335,Washington Pl & Broadway,40.72903917,-73.99404649
63807,388,W 26 St & 10 Ave,40.74971775,-74.00295035
63581,301,E 2 St & Avenue B,40.72217444,-73.98368779
63161,526,E 33 St & 5 Ave,40.74765947,-73.98490707
62793,300,Shevchenko Pl & E 7 St,40.728145,-73.990214
62753,438,St Marks Pl & 1 Ave,40.72779126,-73.98564945
62605,361,Allen St & Hester St,40.71605866,-73.99190759
62135,527,E 33 St & 1 Ave,40.74315566,-73.97434726
61499,363,West Thames St,40.70834698,-74.01713445
60674,447,8 Ave & W 52 St,40.76370739,-73.9851615
60555,487,E 20 St & FDR Drive,40.73314259,-73.97573881
60159,450,W 49 St & 8 Ave,40.76227205,-73.98788205
59961,475,E 16 St & Irving Pl,40.73524276,-73.98758561
59931,280,E 10 St & 5 Ave,40.73331967,-73.99510132
59543,212,W 16 St & The High Line,40.74334935,-74.00681753
59451,383,Greenwich Ave & Charles St,40.735238,-74.000271
59360,346,Bank St & Hudson St,40.73652889,-74.00618026
59315,540,Lexington Ave & E 26 St,40.74147286,-73.98320928
59062,153,E 40 St & 5 Ave,40.75206231,-73.9816324
58694,403,E 2 St & 2 Ave,40.72502876,-73.99069656
58616,263,Elizabeth St & Hester St,40.71729,-73.996375
57895,493,W 45 St & 6 Ave,40.7568001,-73.98291153
57823,530,11 Ave & W 59 St,40.771522,-73.990541
57155,225,W 14 St & The High Line,40.74195138,-74.00803013
57090,265,Stanton St & Chrystie St,40.72229346,-73.99147535
57000,268,Howard St & Centre St,40.71910537,-73.99973337
56921,317,E 6 St & Avenue B,40.72453734,-73.98185424
55098,252,MacDougal St & Washington Sq,40.73226398,-73.99852205
54557,512,W 29 St & 9 Ave,40.7500727,-73.99839279
54351,195,Liberty St & Broadway,40.70905623,-74.01043382
54211,303,Mercer St & Spring St,40.72362738,-73.99949601
54078,2010,Grand St & Greene St,40.72165481,-74.00234737
53732,325,E 19 St & 3 Ave,40.73624527,-73.98473765
53033,304,Broadway & Battery Pl,40.70463334,-74.01361706
52968,468,Broadway & W 55 St,40.7652654,-73.98192338
52621,495,W 47 St & 10 Ave,40.76269882,-73.99301222
52353,520,W 52 St & 5 Ave,40.75992262,-73.97648516
52327,174,E 25 St & 1 Ave,40.7381765,-73.97738662
52297,72,W 52 St & 11 Ave,40.76727216,-73.99392888
51755,501,FDR Drive & E 35 St,40.744219,-73.97121214
51451,328,Watts St & Greenwich St,40.72405549,-74.00965965
51418,355,Bayard St & Baxter St,40.71602118,-73.99974372
51344,485,W 37 St & 5 Ave,40.75038009,-73.98338988
51150,2008,Little West St & 1 Pl,40.70569254,-74.01677685
50941,394,E 9 St & Avenue C,40.72521311,-73.97768752
50683,257,Lispenard St & Broadway,40.71939226,-74.00247214
50080,2003,1 Ave & E 18 St,40.73416059,-73.98024289
48727,2004,6 Ave & Broome St,40.724399,-74.004704
48656,532,S 5 Pl & S 4 St,40.710451,-73.960876
48388,480,W 53 St & 10 Ave,40.76669671,-73.99061728
48376,500,Broadway & W 51 St,40.76228826,-73.98336183
48028,357,E 11 St & Broadway,40.73261787,-73.99158043
47859,2012,E 27 St & 1 Ave,40.739445,-73.976806
47220,2021,W 45 St & 8 Ave,40.75929124,-73.98859651
47193,369,Washington Pl & 6 Ave,40.73224119,-74.00026394
47152,247,Perry St & Bleecker St,40.73535398,-74.00483091
46971,533,Broadway & W 39 St,40.75299641,-73.98721619
46901,415,Pearl St & Hanover Square,40.7047177,-74.00926027
46820,315,South St & Gouverneur Ln,40.70355377,-74.00670227
46175,306,Cliff St & Fulton St,40.70823502,-74.00530063
46110,440,E 45 St & 3 Ave,40.75255434,-73.97282625
45400,238,Bank St & Washington St,40.7361967,-74.00859207
45381,508,W 46 St & 11 Ave,40.76341379,-73.99667444
45324,228,E 48 St & 3 Ave,40.7546011,-73.97187886
45096,455,1 Ave & E 44 St,40.75001986,-73.96905301
44551,377,6 Ave & Canal St,40.72243797,-74.00566443
44162,164,E 47 St & 2 Ave,40.75323098,-73.97032517
44161,79,Franklin St & W Broadway,40.71911552,-74.00666661
44092,412,Forsyth St & Canal St,40.7158155,-73.99422366
43061,311,Norfolk St & Broome St,40.7172274,-73.98802084
42618,473,Rivington St & Chrystie St,40.72110063,-73.9919254
42373,290,2 Ave & E 58 St,40.76020258,-73.96478473
42189,422,W 59 St & 10 Ave,40.770513,-73.988038
42028,146,Hudson St & Reade St,40.71625008,-74.0091059
41686,296,Division St & Bowery,40.71413089,-73.9970468
41662,386,Centre St & Worth St,40.71494807,-74.00234482
40865,513,W 56 St & 10 Ave,40.768254,-73.988639
40804,522,E 51 St & Lexington Ave,40.75714758,-73.97207836
40561,137,E 56 St & Madison Ave,40.761628,-73.972924
40541,160,E 37 St & Lexington Ave,40.748238,-73.978311
40528,309,Murray St & West St,40.7149787,-74.013012
40422,316,Fulton St & William St,40.70955958,-74.00653609
40018,502,Henry St & Grand St,40.714215,-73.981346
39553,267,Broadway & W 36 St,40.75097711,-73.98765428
39102,295,Pike St & E Broadway,40.71406667,-73.99293911
39038,259,South St & Whitehall St,40.70122128,-74.01234218
38993,264,Maiden Ln & Pearl St,40.70706456,-74.00731853
38579,330,Reade St & Broadway,40.71450451,-74.00562789
38383,279,Peck Slip & Front Street,40.707873,-74.00167
38121,427,Bus Slip & State St,40.701907,-74.013942
38063,350,Clinton St & Grand St,40.71559509,-73.9870295
37433,430,York St & Jay St,40.7014851,-73.98656928
37418,324,DeKalb Ave & Hudson Ave,40.689888,-73.981013
37111,224,Spruce St & Nassau St,40.71146364,-74.00552427
36977,362,Broadway & W 37 St,40.75172632,-73.98753523
36850,539,Metropolitan Ave & Bedford Ave,40.71534825,-73.96024116
36834,469,Broadway & W 53 St,40.76344058,-73.98268129
36523,449,W 52 St & 9 Ave,40.76461837,-73.98789473
36509,525,W 34 St & 11 Ave,40.75594159,-74.0021163
36396,2002,Wythe Ave & Metropolitan Ave,40.716887,-73.963198
36307,152,Warren St & Church St,40.71473993,-74.00910627
36236,441,E 52 St & 2 Ave,40.756014,-73.967416
36105,367,E 53 St & Lexington Ave,40.75828065,-73.97069431
35782,351,Front St & Maiden Ln,40.70530954,-74.00612572
35353,456,E 53 St & Madison Ave,40.7597108,-73.97402311
35210,360,William St & Pine St,40.70717936,-74.00887308
35186,150,E 2 St & Avenue C,40.7208736,-73.98085795
34601,376,John St & William St,40.70862144,-74.00722156
34331,276,Duane St & Greenwich St,40.71748752,-74.0104554
34117,393,E 5 St & Avenue C,40.72299208,-73.97995466
33860,320,Leonard St & Church St,40.717571,-74.005549
33638,385,E 55 St & 2 Ave,40.75797322,-73.96603308
33635,2000,Front St & Washington St,40.70255088,-73.98940236
33306,217,Old Fulton St,40.70277159,-73.99383605
33017,254,W 11 St & 6 Ave,40.73532427,-73.99800419
32654,308,St James Pl & Oliver St,40.71307916,-73.99851193
32334,310,State St & Smith St,40.68926942,-73.98912867
31730,2022,E 59 St & Sutton Pl,40.75849116,-73.95920622
31023,337,Old Slip & Front St,40.7037992,-74.00838676
30525,356,Bialystoker Pl & Delancey St,40.71622644,-73.98261206
29707,454,E 51 St & 1 Ave,40.75455731,-73.96592976
29562,423,W 54 St & 9 Ave,40.76584941,-73.98690506
29552,524,W 43 St & 6 Ave,40.75527307,-73.98316936
29453,2023,E 55 St & Lexington Ave,40.75968085,-73.97031366
28641,323,Lawrence St & Willoughby St,40.69236178,-73.98631746
28467,249,Harrison St & Hudson St,40.71870987,-74.0090009
28231,253,W 13 St & 5 Ave,40.73543934,-73.99453948
28046,534,Water - Whitehall Plaza,40.70255065,-74.0127234
27660,2009,Catherine St & Monroe St,40.71117444,-73.99682619
27326,319,Park Pl & Church St,40.71336124,-74.00937622
27300,349,Rivington St & Ridge St,40.71850211,-73.98329859
27243,411,E 6 St & Avenue D,40.72228087,-73.97668709
27113,340,Madison St & Clinton St,40.71269042,-73.98776323
26985,342,Columbia St & Rivington St,40.71739973,-73.98016555
26718,302,Avenue D & E 3 St,40.72082834,-73.97793172
26536,467,Dean St & 4 Ave,40.68312489,-73.97895137
26287,392,Jay St & Tech Pl,40.695065,-73.987167
25614,464,E 56 St & 3 Ave,40.75934501,-73.96759673
25528,332,Cherry St,40.71219906,-73.97948148
25081,341,Stanton St & Mangin St,40.71782143,-73.97628939
24912,291,Madison St & Montgomery St,40.713126,-73.984844
24734,260,Broad St & Bridge St,40.70365182,-74.01167797
24695,366,Clinton Ave & Myrtle Ave,40.693261,-73.968896
24589,516,E 47 St & 1 Ave,40.75206862,-73.96784384
24451,2017,E 43 St & 2 Ave,40.75022392,-73.97121414
24245,391,Clark St & Henry St,40.69760127,-73.99344559
23906,157,Henry St & Atlantic Ave,40.69089272,-73.99612349
23740,538,W 49 St & 5 Ave,40.75795248,-73.97787642
23469,271,Ashland Pl & Hanson Pl,40.68528172,-73.97805813
23464,398,Atlantic Ave & Furman St,40.69165183,-73.9999786
22839,83,Atlantic Ave & Fort Greene Pl,40.68382604,-73.97632328
22462,408,Market St & Cherry St,40.71076228,-73.99400398
22190,314,Cadman Plaza West & Montague St,40.69383,-73.990539
21925,331,Pike St & Monroe St,40.71173107,-73.99193043
21886,406,Hicks St & Montague St,40.69512845,-73.99595065
21600,414,Pearl St & Anchorage Pl,40.70281858,-73.98765762
21476,270,Adelphi St & Myrtle Ave,40.69308257,-73.97178913
20802,233,Cadman Plaza W & Pierrepont St,40.69475701,-73.99052739
19629,261,Johnson St & Gold St,40.69474881,-73.98362464
19558,82,St James Pl & Pearl St,40.71117416,-74.00016545
19064,471,Grand St & Havemeyer St,40.71286844,-73.95698119
18528,460,S 4 St & Wythe Ave,40.71285887,-73.96590294
18518,266,Avenue D & E 8 St,40.72368361,-73.97574813
18267,143,Clinton St & Joralemon St,40.69239502,-73.99337909
17964,3141,1 Ave & E 68 St,40.76500525,-73.95818491
17520,313,Washington Ave & Park Ave,40.69610226,-73.96751037
17501,395,Bond St & Schermerhorn St,40.68807003,-73.98410637
17444,232,Cadman Plaza E & Tillary St,40.69597683,-73.99014892
17370,274,Lafayette Ave & Fort Greene Pl,40.68691865,-73.976682
17194,243,Fulton St & Rockwell Pl,40.688226,-73.979382
16953,248,Laight St & Hudson St,40.72185379,-74.00771779
16892,389,Broadway & Berry St,40.71044554,-73.96525063
16759,239,Willoughby St & Fleet St,40.69196566,-73.9813018
16562,481,S 3 St & Bedford Ave,40.71260486,-73.96264403
15629,322,Clinton St & Tillary St,40.696192,-73.991218
15314,416,Cumberland St & Lafayette Ave,40.68753406,-73.97265183
14970,321,Cadman Plaza E & Red Cross Pl,40.69991755,-73.98971773
14248,390,Duffield St & Willoughby St,40.69221589,-73.9842844
14211,258,DeKalb Ave & Vanderbilt Ave,40.68940747,-73.96885458
14040,400,Pitt St & Stanton St,40.71926081,-73.98178024
13861,282,Kent Ave & S 11 St,40.70827295,-73.96834101
13662,3224,W 13 St & Hudson St,40.73997354,-74.00513873
13592,244,Willoughby Ave & Hall St,40.69196035,-73.96536851
13560,241,DeKalb Ave & S Portland Ave,40.68981035,-73.97493121
13191,384,Fulton St & Washington Ave,40.683048,-73.964915
13054,242,Carlton Ave & Flushing Ave,40.697787,-73.973736
12500,365,Fulton St & Grand Ave,40.68223166,-73.9614583
12284,418,Front St & Gold St,40.70224,-73.982578
11759,396,Lefferts Pl & Franklin Ave,40.68034242,-73.95576894
11704,353,S Portland Ave & Hanson Pl,40.68539567,-73.97431458
11648,354,Emerson Pl & Myrtle Ave,40.69363137,-73.96223558
11593,3104,Kent Ave & N 7 St,40.72057658,-73.96150225
11470,339,Avenue D & E 12 St,40.72580614,-73.97422494
11419,3165,Central Park West & W 72 St,40.77575319,-73.97603963
11202,3156,E 72 St & York Ave,40.76663814,-73.95348296
11162,3140,1 Ave & E 78 St,40.77140426,-73.9535166
10782,397,Fulton St & Clermont Ave,40.68415748,-73.96922273
10483,3145,E 84 St & Park Ave,40.77862688,-73.95772073
10459,420,Clermont Ave & Lafayette Ave,40.68764484,-73.96968902
10458,344,Monroe St & Bedford Ave,40.6851443,-73.95380904
10277,216,Columbia Heights & Cranberry St,40.70037867,-73.99548059
10235,3142,1 Ave & E 62 St,40.7612274,-73.96094022
10195,373,Willoughby Ave & Walworth St,40.69331716,-73.95381995
10040,3164,Columbus Ave & W 72 St,40.7770575,-73.97898475
10038,262,Washington Park,40.69178232,-73.97372989
9938,3177,W 84 St & Broadway,40.7867947,-73.977112
9928,3158,W 63 St & Broadway,40.77163851,-73.98261428
9716,3159,W 67 St & Broadway,40.77492513,-73.98266566
9690,343,Clinton Ave & Flushing Ave,40.69794,-73.96986848
9634,3090,N 8 St & Driggs Ave,40.71774592,-73.95600096
9350,278,Concord St & Bridge St,40.69766564,-73.98476437
9336,3093,N 6 St & Bedford Ave,40.71745169,-73.95850939
9256,218,Gallatin Pl & Livingston St,40.69028437,-73.98707105
9204,364,Lafayette Ave & Classon Ave,40.68900443,-73.96023854
9173,3230,Penn Station Valet,40.7512836,-73.99692446
9078,275,Washington Ave & Greene Ave,40.68650065,-73.96563307
8989,144,Nassau St & Navy St,40.69839895,-73.98068914
8943,3147,E 85 St & 3 Ave,40.77801203,-73.95407149
8825,3168,Central Park West & W 85 St,40.78472675,-73.96961715
8821,298,3 Ave & Schermerhorn St,40.68683208,-73.9796772
8769,3223,E 55 St & 3 Ave,40.75899656,-73.96865398
8666,399,Lafayette Ave & St James Pl,40.68851534,-73.9647628
8626,3175,W 70 St & Amsterdam Ave,40.77748046,-73.98288594
8481,120,Lexington Ave & Classon Ave,40.68676793,-73.95928168
8454,3143,5 Ave & E 78 St,40.77682863,-73.96388769
8406,437,Macon St & Nostrand Ave,40.68098339,-73.95004798
8292,421,Clermont Ave & Park Ave,40.69573398,-73.97129668
8191,3137,5 Ave & E 73 St,40.77282817,-73.96685276
7976,3170,W 84 St & Columbus Ave,40.78499979,-73.97283406
7902,407,Henry St & Poplar St,40.700469,-73.991454
7752,3167,Amsterdam Ave & W 73 St,40.77966809,-73.98093045
7725,3233,E 48 St & 5 Ave,40.75724568,-73.97805914
7567,409,DeKalb Ave & Skillman St,40.6906495,-73.95643107
7177,3135,E 75 St & 3 Ave,40.77112927,-73.95772297
7005,3222,Hanson Pl & St Felix St,40.6851596,-73.97711366
6894,3132,E 59 St & Madison Ave,40.76350532,-73.97109243
6815,3234,E 40 St & Madison Ave,40.75159368,-73.98043156
6784,419,Carlton Ave & Park Ave,40.69580705,-73.97355569
6765,3150,E 85 St & York Ave,40.77536905,-73.94803392
6702,3163,Central Park West & W 68 St,40.7734066,-73.97782542
6676,245,Myrtle Ave & St Edwards St,40.69327018,-73.97703874
6571,3136,5 Ave & E 63 St,40.76650452,-73.97147595
6549,3119,Vernon Blvd & 50 Ave,40.74232744,-73.95411749
6292,3160,Central Park West & W 76 St,40.77896784,-73.97374737
6279,3139,E 72 St & Park Ave,40.77118288,-73.96409422
6246,3169,Riverside Dr & W 82 St,40.78720869,-73.98128127
6185,3107,Bedford Ave & Nassau Ave,40.72311651,-73.95212324
6093,3134,3 Ave & E 62 St,40.76312584,-73.96526895
6081,372,Franklin Ave & Myrtle Ave,40.694528,-73.958089
6066,3176,W 64 St & West End Ave,40.77452835,-73.98753759
6066,436,Hancock St & Bedford Ave,40.68216564,-73.95399026
6043,3231,E 67 St & Park Ave,40.7678008,-73.96592081
5833,3129,Queens Plaza North & Crescent St,40.75110165,-73.94073717
5819,3235,E 41 St & Madison Ave,40.75216528,-73.97992194
5546,3092,Berry St & N 8 St,40.7190095,-73.95852515
5481,3148,E 84 St & 1 Ave,40.77565541,-73.95068615
5397,3112,Milton St & Franklin St,40.72906,-73.95779
5370,3086,Graham Ave & Conselyea St,40.715143,-73.944507
5270,3124,46 Ave & 5 St,40.74731,-73.95451
5251,3172,W 74 St & Columbus Ave,40.7785669,-73.97754961
5085,3108,Nassau Ave & Russell St,40.72557,-73.94434
4870,443,Bedford Ave & S 9 St,40.70853074,-73.96408963
4820,3166,Riverside Dr & W 72 St,40.78057799,-73.98562431
4724,3178,Riverside Dr & W 78 St,40.78414472,-73.98362492
4413,289,Monroe St & Classon Ave,40.6845683,-73.95881081
4401,431,Hanover Pl & Livingston St,40.68864636,-73.98263429
4392,3173,Riverside Blvd & W 67 St,40.77750703,-73.98888588
4256,3144,E 81 St & Park Ave,40.77677702,-73.9590097
4219,3113,Greenpoint Ave & Manhattan Ave,40.73026,-73.95394
4010,3101,N 12 St & Bedford Ave,40.72079821,-73.95484712
3977,3087,Metropolitan Ave & Meeker Ave,40.71413311,-73.95234386
3935,3103,N 11 St & Wythe Ave,40.72153267,-73.95782357
3892,3146,E 81 St & 3 Ave,40.77573034,-73.9567526
3835,3115,India St & Manhattan Ave,40.73232194,-73.9550858
3731,3110,Meserole Ave & Manhattan Ave,40.72708584,-73.95299117
3679,3171,Amsterdam Ave & W 82 St,40.78524672,-73.97667321
3650,3161,W 76 St & Columbus Ave,40.78018397,-73.97728533
3609,3226,W 82 St & Central Park West,40.78275,-73.97137
3567,3074,Montrose Ave & Bushwick Ave,40.70767788,-73.94016171
3529,3162,W 78 St & Broadway,40.78339981,-73.98093133
3514,3155,Lexington Ave & E 63 St,40.76440023,-73.96648977
3416,2001,Sands St & Navy St,40.699773,-73.979927
3377,3106,Driggs Ave & N Henry St,40.72325,-73.94308
3356,119,Park Ave & St Edwards St,40.69608941,-73.97803415
3294,3126,44 Dr & Jackson Ave,40.74718234,-73.9432635
3180,3102,Driggs Ave & Lorimer St,40.72179134,-73.9504154
3094,3180,Brooklyn Bridge Park - Pier 2,40.69878,-73.99712
2900,3097,N Henry St & Richardson St,40.71921585,-73.9424469
2844,3149,E 82 St & 2 Ave,40.77517793,-73.95324922
2841,3118,McGuinness Blvd & Eagle St,40.73555,-73.95284
2717,3117,Franklin St & Dupont St,40.73564,-73.95866
2690,3109,Banker St & Meserole Ave,40.72606,-73.95621
2663,3111,Norman Ave & Leonard St,40.7258483,-73.95064893
2613,3079,Leonard St & Grand St,40.71103537,-73.94714303
2516,3125,45 Rd & 11 St,40.74708586,-73.94977234
2450,3064,Myrtle Ave & Lewis Ave,40.69681963,-73.93756926
2411,3181,Soissons Landing,40.692609,-74.016398
2341,3133,E 67 St & Lexington Ave,40.76734259,-73.96485865
2222,3088,Union Ave & Jackson St,40.7160751,-73.952029
2210,3083,Bushwick Ave & Powers St,40.71247661,-73.94100005
2191,3120,Center Blvdï¿½& Borden Ave,40.74161,-73.96044
2147,3182,Yankee Ferry Terminal,40.686931,-74.016966
2064,3077,Stagg St & Union Ave,40.70877084,-73.95095259
2035,3154,E 77 St & 3 Ave,40.77314236,-73.95856158
1940,3081,Graham Ave & Grand St,40.711863,-73.944024
1908,3084,Devoe St & Leonard St,40.71348658,-73.94792458
1884,3085,Roebling St & N 4 St,40.71469,-73.95739
1882,3151,E 81 St & York Ave,40.7728384,-73.94989233
1871,3098,Leonard St & Bayard St,40.71928,-73.94861
1840,3236,PABT Valet,40.75898481,-73.99379969
1838,3082,Hope St & Union Ave,40.71167351,-73.95141312
1775,3157,East End Ave & E 86 St,40.77518615,-73.94446054
1718,3094,Graham Ave & Withers St,40.7169811,-73.94485918
1703,3121,Jackson Ave & 46 Rd,40.74524768,-73.94733276
1592,3071,Boerum St & Broadway,40.70538077,-73.94976519
1571,2005,Railroad Ave & Kay Ave,40.70531194,-73.97100056
1556,3068,Humboldt St & Varet St,40.7031724,-73.940636
1555,3091,Frost St & Meeker St,40.71764,-73.94882
1543,3076,Scholes St & Manhattan Ave,40.70870368,-73.9448625
1527,3052,Lewis Ave & Madison St,40.686312,-73.935775
1413,3073,Division Ave & Hooper St,40.70691254,-73.95441667
1358,3116,Huron St & Franklin St,40.73266,-73.95826
1310,3067,Broadway & Whipple St,40.7016657,-73.9437303
1290,3042,Fulton St & Utica Ave,40.6794268,-73.9298911
1263,3114,India St & East River,40.73165141,-73.96161892
1224,3069,Lorimer St & Broadway,40.70411791,-73.94818595
1205,3047,Halsey St & Tompkins Ave,40.6823687,-73.944118
1195,3050,Putnam Ave & Throop Ave,40.6851532,-73.94111
1185,3127,9 St & 44 Rd,40.74966,-73.9521
1169,3060,Willoughby Ave & Tompkins Ave,40.69425403,-73.94626915
1156,3062,Myrtle Ave & Marcy Ave,40.69539817,-73.94954908
1142,3072,Leonard St & Boerum St,40.70583339,-73.94644578
1133,3054,Greene Ave & Throop Ave,40.6894932,-73.942061
1061,3049,Cambridge Pl & Gates Ave,40.68488,-73.96304
1056,3066,Tompkins Ave & Hopkins St,40.69957608,-73.94708417
1045,3095,Graham Ave & Herbert St,40.71929301,-73.94500379
1034,3232,Bond St & Fulton St,40.68962189,-73.98304269
992,3016,Mobile 01,40.77105186,-73.9643383
985,3080,S 4 St & Rodney St,40.70934,-73.95608
982,3058,Lewis Ave & Kosciuszko St,40.69237074,-73.93705428
940,3057,Kosciuszko St & Tompkins Ave,40.69128258,-73.9452416
926,3123,31 St & Thomson Ave,40.74469738,-73.93540375
900,3065,Union Ave & Wallabout St,40.70029511,-73.95032283
896,3105,N 15 St & Wythe Ave,40.724055,-73.955736
875,3122,48 Ave & 5 St,40.74436329,-73.95587325
835,3075,Division Ave & Marcy Ave,40.70708701,-73.95796783
823,3056,Kosciuszko St & Nostrand Ave,40.69072549,-73.95133465
822,3070,McKibbin St & Manhattan Ave,40.70510918,-73.94407279
818,3055,Greene Ave & Nostrand Ave,40.6883337,-73.950916
809,3078,Broadway & Roebling St,40.70925562,-73.95982218
799,3096,Union Ave & N 12 St,40.71924,-73.95242
750,3048,Putnam Ave & Nostrand Ave,40.68402,-73.94977
731,3046,Marcus Garvey Blvd & Macon St,40.682601,-73.938037
710,3041,Kingston Ave & Herkimer St,40.67890679,-73.94142771
708,3221,47 Ave & 31 St,40.743,-73.93561
685,3063,Nostrand Ave & Myrtle Ave,40.69527008,-73.95238108
625,3043,Lewis Ave & Decatur St,40.6814598,-73.934903
610,3059,Pulaski St & Marcus Garvey Blvd,40.6933982,-73.939877
582,3179,Park Ave & Marcus Garvey Blvd,40.698617,-73.941342
570,3128,21 St & 43 Ave,40.75052534,-73.94594845
462,3229,Marcy Ave & MacDonough St,40.68061768,-73.94624949
458,3238,E 80 St & 2 Ave,40.7739139,-73.95439535
434,3153,E 71 St & 2 Ave,40.76817547,-73.95910263
425,3044,Albany Ave & Fulton St,40.6800105,-73.938475
409,3099,Leonard St & Manhattan Ave,40.7215224,-73.94898266
408,3061,Throop Ave & Myrtle Ave,40.69622937,-73.94371094
407,3053,Marcy Ave & Lafayette Ave,40.6900815,-73.947915
314,3130,21 St & Queens Plaza North,40.75325964,-73.94335788
287,3138,E 77 St & Park Ave,40.77440546,-73.96175265
277,3089,Leonard St & Meeker Ave,40.7173184,-73.94820213
228,3237,21 St & 41 Ave,40.75383343,-73.94267678
205,3019,NYCBS Depot - DEL,40.716633,-73.981933
166,3014,E.T. Bike-In Movie Valet Station ,40.722852,-73.959114
100,255,NYCBS Depot - SSP,40.646768,-74.01651
95,3017,NYCBS Depot - FAR,40.751483,-73.996764
23,3242,Schermerhorn St & Court St,40.69102926,-73.99183363
14,3219,NYCBS Depot - STY,40.729193,-73.976655
9,3241,Monroe St & Tompkins Ave,40.686203,-73.944694
4,3214,Essex Light Rail,40.7127742,-74.0364857
3,3183,Exchange Place,40.7162469,-74.0334588
3,3039,NYCBS Depot - DYR,40.75908809,-73.99375051
3,3187,Warren St,40.7211236,-74.03805095
2,3211,Newark Ave,40.72152515,-74.04630454
1,3184,Paulus Hook,40.7141454,-74.0335519
1,3212,Christ Hospital,40.73478582,-74.05044364
